Section,Metric,10000 Users,100000 Users,500000 Users,1000000 Users,10000000 Users

CURRENT COSTS,Monthly Reads,6153000,61530000,307650000,615300000,6153000000
CURRENT COSTS,Monthly Writes,3186000,31860000,159300000,318600000,3186000000
CURRENT COSTS,Reads Cost,$3.69,$36.92,$184.59,$369.18,$3691.80
CURRENT COSTS,Writes Cost,$5.73,$57.35,$286.74,$573.48,$5734.80
CURRENT COSTS,Total Firebase Cost,$9.42,$94.27,$471.33,$942.66,$9426.60
CURRENT COSTS,Premium Revenue,$1998,$19980,$99900,$199800,$1998000
CURRENT COSTS,Current Profit,$1988.58,$19885.73,$99428.67,$198857.34,$1988573.40

OPTIMIZED COSTS,Optimized Firebase Cost,$6.31,$63.16,$315.78,$631.58,$6315.82
OPTIMIZED COSTS,Monthly Savings,$3.11,$31.11,$155.55,$311.08,$3110.78
OPTIMIZED COSTS,Cost Reduction,33%,33%,33%,33%,33%
OPTIMIZED COSTS,Optimized Profit,$1991.69,$19916.84,$99584.22,$199168.42,$1991684.18

OPTIMIZATION BREAKDOWN,Usage Tracking Batching,$1.43,$14.30,$71.50,$143.00,$1430.00
OPTIMIZATION BREAKDOWN,Profile Photo Caching,$0.74,$7.40,$37.00,$74.00,$740.00
OPTIMIZATION BREAKDOWN,Chat Message Optimization,$0.33,$3.30,$16.50,$33.00,$330.00
OPTIMIZATION BREAKDOWN,Video Feed Efficiency,$0.19,$1.90,$9.50,$19.00,$190.00
OPTIMIZATION BREAKDOWN,Connection Caching,$0.44,$4.40,$22.00,$44.00,$440.00

USER DISTRIBUTION,Total Users,10000,100000,500000,1000000,10000000
USER DISTRIBUTION,Free Users (98%),9800,98000,490000,980000,9800000
USER DISTRIBUTION,Premium Users (2%),200,2000,10000,20000,200000
USER DISTRIBUTION,Active Chat Users (20%),2000,20000,100000,200000,2000000
USER DISTRIBUTION,Video Active Users (15%),1500,15000,75000,150000,1500000

OPERATIONS PER USER TYPE,Free Basic (Daily Reads),15,15,15,15,15
OPERATIONS PER USER TYPE,Free Basic (Daily Writes),8,8,8,8,8
OPERATIONS PER USER TYPE,Premium Basic (Daily Reads),75,75,75,75,75
OPERATIONS PER USER TYPE,Premium Basic (Daily Writes),40,40,40,40,40
OPERATIONS PER USER TYPE,Chat Active (Additional Reads),10,10,10,10,10
OPERATIONS PER USER TYPE,Chat Active (Additional Writes),5,5,5,5,5
OPERATIONS PER USER TYPE,Video Active (Additional Reads),8,8,8,8,8
OPERATIONS PER USER TYPE,Video Active (Additional Writes),2,2,2,2,2

PRICING,Firebase Read Cost per 100k,$0.06,$0.06,$0.06,$0.06,$0.06
PRICING,Firebase Write Cost per 100k,$0.18,$0.18,$0.18,$0.18,$0.18
PRICING,Premium Subscription Price,$9.99,$9.99,$9.99,$9.99,$9.99
PRICING,Premium Conversion Rate,2%,2%,2%,2%,2%

BUSINESS METRICS,Firebase Cost as % of Revenue,0.47%,0.47%,0.47%,0.47%,0.47%
BUSINESS METRICS,Optimized Cost as % of Revenue,0.32%,0.32%,0.32%,0.32%,0.32%
BUSINESS METRICS,Annual Savings from Optimization,$37.32,$373.32,$1866.60,$3732.96,$37329.36
BUSINESS METRICS,Profit Margin,99.53%,99.53%,99.53%,99.53%,99.53%
BUSINESS METRICS,Optimized Profit Margin,99.68%,99.68%,99.68%,99.68%,99.68%

KEY INSIGHTS,Cost Impact,Negligible,Negligible,Negligible,Negligible,Low
KEY INSIGHTS,Priority,Conversion Rate,Conversion Rate,Conversion Rate,Conversion Rate,User Experience
KEY INSIGHTS,Optimization ROI,Low,Low,Medium,Medium,High
KEY INSIGHTS,Implementation Effort,2-3 weeks,2-3 weeks,2-3 weeks,2-3 weeks,2-3 weeks
